{"type": "metrics", "dataset": "train", "precision": 0.9561319244316362, "balanced_accuracy": 0.8117577366443524, "recall": 0.6319576719576719, "f1_score": 0.7609582059123343}
{"type": "metrics", "dataset": "test", "precision": 0.6610455311973018, "balanced_accuracy": 0.6772483895647385, "recall": 0.41133263378803775, "f1_score": 0.5071151358344114}
{"type": "cm_matrix", "dataset": "train", "true_0": {"predicted_0": 16091, "predicted_1": 137}, "true_1": {"predicted_0": 1739, "predicted_1": 2986}}
{"type": "cm_matrix", "dataset": "test", "true_0": {"predicted_0": 6671, "predicted_1": 402}, "true_1": {"predicted_0": 1122, "predicted_1": 784}}
