{"type": "metrics", "dataset": "train", "precision": 0.9482481517197042, "balanced_accuracy": 0.8072087501776928, "recall": 0.6243386243386243, "f1_score": 0.7529351710056151}
{"type": "metrics", "dataset": "test", "precision": 0.654639175257732, "balanced_accuracy": 0.671477140876386, "recall": 0.39979013641133265, "f1_score": 0.49641693811074916}
{"type": "cm_matrix", "dataset": "train", "true_0": {"predicted_0": 16067, "predicted_1": 161}, "true_1": {"predicted_0": 1775, "predicted_1": 2950}}
{"type": "cm_matrix", "dataset": "test", "true_0": {"predicted_0": 6671, "predicted_1": 402}, "true_1": {"predicted_0": 1144, "predicted_1": 762}}
