{"type": "metrics", "dataset": "train", "precision": 0.9533397251518057, "balanced_accuracy": 0.8111629778304661, "recall": 0.6313227513227513, "f1_score": 0.7596129360835243}
{"type": "metrics", "dataset": "test", "precision": 0.6607142857142857, "balanced_accuracy": 0.6756241572484459, "recall": 0.40766002098635884, "f1_score": 0.5042180402336145}
{"type": "cm_matrix", "dataset": "train", "true_0": {"predicted_0": 16082, "predicted_1": 146}, "true_1": {"predicted_0": 1742, "predicted_1": 2983}}
{"type": "cm_matrix", "dataset": "test", "true_0": {"predicted_0": 6674, "predicted_1": 399}, "true_1": {"predicted_0": 1129, "predicted_1": 777}}
